{
  "accuracy": [
    0.5385342836380005,
    0.7079187035560608,
    0.7922893762588501,
    0.8412848711013794,
    0.8704172968864441
  ],
  "loss": [
    1.1510876417160034,
    0.8002232909202576,
    0.5938565731048584,
    0.4632192850112915,
    0.37889519333839417
  ],
  "val_accuracy": [
    0.629539966583252,
    0.6377118825912476,
    0.6201573610305786,
    0.6050242185592651,
    0.5935230255126953
  ],
  "val_loss": [
    0.971953809261322,
    0.9378137588500977,
    1.0232497453689575,
    1.1709213256835938,
    1.3320921659469604
  ]
}